{"cameraMode":{"drawMode":0,"name":"Shaded","section":"Shading Mode"},"sceneLighting":true,"audioPlay":false,"sceneViewState":{"m_AlwaysRefresh":false,"showFog":true,"showSkybox":true,"showFlares":true,"showImageEffects":true,"showParticleSystems":true,"showVisualEffectGraphs":true,"m_FxEnabled":true},"in2DMode":false,"pivot":{"x":-0.7405052185058594,"y":0.6691035032272339,"z":0.21328602731227876},"rotation":{"x":-0.047741249203681949,"y":-0.8061690330505371,"z":0.06570060551166535,"w":-0.5859723091125488},"size":0.24215929210186006,"orthographic":false}