{"cameraMode":{"drawMode":0,"name":"Shaded","section":"Shading Mode"},"sceneLighting":true,"audioPlay":false,"sceneViewState":{"m_AlwaysRefresh":false,"showFog":true,"showSkybox":true,"showFlares":true,"showImageEffects":true,"showParticleSystems":true,"showVisualEffectGraphs":true,"m_FxEnabled":true},"in2DMode":false,"pivot":{"x":0.6264652013778687,"y":1.1247930526733399,"z":-1.7150037288665772},"rotation":{"x":0.12104957550764084,"y":-0.3104018568992615,"z":0.03989466652274132,"w":0.9419618844985962},"size":0.04350767657160759,"orthographic":false}