{"cameraMode":{"drawMode":0,"name":"Shaded","section":"Shading Mode"},"sceneLighting":true,"audioPlay":false,"sceneViewState":{"m_AlwaysRefresh":false,"showFog":true,"showSkybox":true,"showFlares":true,"showImageEffects":true,"showParticleSystems":true,"showVisualEffectGraphs":true,"m_FxEnabled":true},"in2DMode":false,"pivot":{"x":2.0176939964294435,"y":2.74865460395813,"z":0.17509129643440247},"rotation":{"x":0.34926605224609377,"y":-0.6263614296913147,"z":0.3705415725708008,"w":0.590094804763794},"size":0.24215929210186006,"orthographic":false}