{"cameraMode":{"drawMode":0,"name":"Shaded","section":"Shading Mode"},"sceneLighting":true,"audioPlay":false,"sceneViewState":{"m_AlwaysRefresh":false,"showFog":true,"showSkybox":true,"showFlares":true,"showImageEffects":true,"showParticleSystems":true,"showVisualEffectGraphs":true,"m_FxEnabled":true},"in2DMode":false,"pivot":{"x":0.64983731508255,"y":0.9765521883964539,"z":0.09383302181959152},"rotation":{"x":-0.30343329906463625,"y":0.6559756994247437,"z":-0.32689183950424197,"w":-0.608902096748352},"size":0.04350767657160759,"orthographic":false}